{"loss": 0.008857285603880882, "lr": 9.980776707205579e-05, "step": 3615, "scheduled sampling": "\"m=0 (0.97) m=1 (0.03)\"", "_timestamp": 1716830128.2500248, "_runtime": 2041.2308297157288, "_step": 3615, "_wandb": {"runtime": 2045}}