{"loss": 0.0011008026776835322, "lr": 0.0, "step": 11209, "scheduled sampling": "\"m=0 (0.20) m=1 (0.80)\"", "_timestamp": 1716837206.386756, "_runtime": 7006.041949033737, "_step": 11209, "_wandb": {"runtime": 7005}}